"STRAIN","CHROM","POS","ID","REF","ALT","QUAL","FILTER","INFO"
"SRR097977","NC_012967.1","10563",NA,"G","A","22.8",NA,"DP=2;VDB=5.120000e-02;AF1=1;AC1=2;DP4=0,0,0,2;MQ=37;FQ=-33"
"SRR097977","NC_012967.1","81158",NA,"A","C","123",NA,"DP=7;VDB=4.896138e-02;AF1=1;AC1=2;DP4=0,0,4,2;MQ=37;FQ=-45"
"SRR097977","NC_012967.1","139812",NA,"G","T","10.4",NA,"DP=4;VDB=6.400000e-02;RPB=0.000000e+00;AF1=0.5;AC1=1;DP4=0,2,1,1;MQ=37;FQ=12.7;PV4=1,0.18,1,0.065"
"SRR097977","NC_012967.1","260184",NA,"A","G","5.46",NA,"DP=4;VDB=7.360000e-02;RPB=1.111223e+00;AF1=0.4999;AC1=1;DP4=0,2,2,0;MQ=34;FQ=7.69;PV4=0.33,0.13,0.21,0.37"
"SRR097977","NC_012967.1","648692",NA,"C","T","17.8",NA,"DP=2;VDB=7.680000e-02;AF1=1;AC1=2;DP4=0,0,1,1;MQ=37;FQ=-33"
"SRR097977","NC_012967.1","1135896",NA,"G","T","7.59",NA,"DP=2;VDB=2.080000e-02;AF1=1;AC1=2;DP4=0,0,2,0;MQ=32;FQ=-33"
"SRR097977","NC_012967.1","1294137",NA,"T","A","5.46",NA,"DP=4;VDB=5.960000e-02;RPB=0.000000e+00;AF1=0.4999;AC1=1;DP4=1,1,0,2;MQ=32;FQ=7.63;PV4=1,1,0,1"
"SRR097977","NC_012967.1","1505898",NA,"T","G","10.2",NA,"DP=2;VDB=5.960000e-02;AF1=1;AC1=2;DP4=0,0,0,2;MQ=37;FQ=-33"
"SRR097977","NC_012967.1","1952583",NA,"T","G","7.59",NA,"DP=2;VDB=7.520000e-02;AF1=1;AC1=2;DP4=0,0,2,0;MQ=37;FQ=-33"
"SRR097977","NC_012967.1","2039200",NA,"G","T","4.61",NA,"DP=2;VDB=5.960000e-02;AF1=1;AC1=2;DP4=0,0,0,2;MQ=25;FQ=-33"
"SRR097977","NC_012967.1","2039206",NA,"A","T","4.61",NA,"DP=2;VDB=5.960000e-02;AF1=1;AC1=2;DP4=0,0,0,2;MQ=25;FQ=-33"
"SRR097977","NC_012967.1","2340325",NA,"A","C","7.8",NA,"DP=6;VDB=7.520000e-02;RPB=8.071455e-01;AF1=0.5;AC1=1;DP4=3,1,2,0;MQ=35;FQ=10.4;PV4=1,1,0.089,1"
"SRR097977","NC_012967.1","2344230",NA,"T","G","4.77",NA,"DP=3;VDB=2.560000e-02;RPB=8.745357e-01;AF1=0.5007;AC1=1;DP4=0,1,2,0;MQ=33;FQ=-4.52;PV4=0.33,0.14,0.33,0.24"
"SRR097977","NC_012967.1","2389878",NA,"G","T","32.8",NA,"DP=2;VDB=6.240000e-02;AF1=1;AC1=2;DP4=0,0,1,1;MQ=37;FQ=-33"
"SRR097977","NC_012967.1","2611312",NA,"CT","C","25.2",NA,"INDEL;IS=2,1.000000;DP=2;VDB=6.080000e-02;AF1=1;AC1=2;DP4=0,0,0,2;MQ=37;FQ=-40.5"
"SRR097977","NC_012967.1","2665639",NA,"A","T","49",NA,"DP=4;VDB=3.572479e-02;AF1=1;AC1=2;DP4=0,0,0,3;MQ=37;FQ=-36"
"SRR097977","NC_012967.1","2843036",NA,"G","A","43",NA,"DP=3;VDB=5.870764e-02;AF1=1;AC1=2;DP4=0,0,3,0;MQ=33;FQ=-36"
"SRR097977","NC_012967.1","2998639",NA,"T","C","18.1",NA,"DP=5;VDB=5.960000e-02;RPB=5.314005e-01;AF1=0.5;AC1=1;DP4=2,1,2,0;MQ=37;FQ=21;PV4=1,1,1,1"
"SRR097977","NC_012967.1","3065034",NA,"C","A","3.01",NA,"DP=4;VDB=5.280000e-02;RPB=-1.111223e+00;AF1=0.4998;AC1=1;DP4=2,0,0,2;MQ=32;FQ=4.75;PV4=0.33,0.085,0,0.11"
"SRR097977","NC_012967.1","3288025",NA,"T","A","22.8",NA,"DP=2;VDB=3.680000e-02;AF1=1;AC1=2;DP4=0,0,0,2;MQ=32;FQ=-33"
"SRR097977","NC_012967.1","3339313",NA,"A","C","27.8",NA,"DP=2;VDB=5.440000e-02;AF1=1;AC1=2;DP4=0,0,2,0;MQ=37;FQ=-33"
"SRR097977","NC_012967.1","3401754",NA,"C","A","29.8",NA,"DP=5;VDB=7.360000e-02;AF1=1;AC1=2;DP4=0,0,1,1;MQ=37;FQ=-33"
"SRR097977","NC_012967.1","3463900",NA,"C","T","58",NA,"DP=4;VDB=6.086650e-02;AF1=1;AC1=2;DP4=0,0,1,2;MQ=37;FQ=-36"
"SRR097977","NC_012967.1","3481820",NA,"A","G","44",NA,"DP=3;VDB=5.081611e-02;AF1=1;AC1=2;DP4=0,0,1,2;MQ=33;FQ=-36"
"SRR097977","NC_012967.1","3488669",NA,"A","C","79.5",NA,"DP=4;VDB=7.931840e-02;AF1=1;AC1=2;DP4=0,0,3,1;MQ=34;FQ=-39"
"SRR097977","NC_012967.1","3709369",NA,"A","C","5.29",NA,"DP=2;VDB=7.360000e-02;AF1=1;AC1=2;DP4=0,0,0,2;MQ=25;FQ=-33"
"SRR097977","NC_012967.1","4100183",NA,"A","G","60",NA,"DP=3;VDB=5.983360e-02;AF1=1;AC1=2;DP4=0,0,1,2;MQ=37;FQ=-36"
"SRR097977","NC_012967.1","4363338",NA,"C","A","58",NA,"DP=3;VDB=6.718756e-02;AF1=1;AC1=2;DP4=0,0,1,2;MQ=37;FQ=-36"
"SRR097977","NC_012967.1","4431393",NA,"TGG","T","28.2",NA,"INDEL;IS=2,1.000000;DP=2;VDB=7.520000e-02;AF1=1;AC1=2;DP4=0,0,0,2;MQ=37;FQ=-40.5"
"SRR097977","NC_012967.1","4616538",NA,"A","C","27.8",NA,"DP=2;VDB=5.120000e-02;AF1=1;AC1=2;DP4=0,0,1,1;MQ=32;FQ=-33"
"SRR098026","NC_012967.1","1473",NA,"C","A","11.3",NA,"DP=7;VDB=5.760000e-02;RPB=1.534291e+00;AF1=0.5;AC1=1;DP4=2,3,0,2;MQ=37;FQ=14.2;PV4=1,1,1,1"
"SRR098026","NC_012967.1","9972",NA,"T","G","31.8",NA,"DP=2;VDB=4.000000e-02;AF1=1;AC1=2;DP4=0,0,1,1;MQ=37;FQ=-33"
"SRR098026","NC_012967.1","81158",NA,"A","C","26.8",NA,"DP=2;VDB=4.000000e-02;AF1=1;AC1=2;DP4=0,0,1,1;MQ=37;FQ=-33"
"SRR098026","NC_012967.1","127128",NA,"A","C","11.1",NA,"DP=2;VDB=4.160000e-02;AF1=1;AC1=2;DP4=0,0,0,2;MQ=37;FQ=-33"
"SRR098026","NC_012967.1","131454",NA,"G","T","24.8",NA,"DP=2;VDB=1.760000e-02;AF1=1;AC1=2;DP4=0,0,2,0;MQ=37;FQ=-33"
"SRR098026","NC_012967.1","211807",NA,"C","A","20.1",NA,"DP=3;VDB=6.720000e-02;RPB=-8.745357e-01;AF1=0.5013;AC1=1;DP4=1,0,0,2;MQ=37;FQ=-5.45;PV4=0.33,1,1,0.26"
"SRR098026","NC_012967.1","216480",NA,"C","T","76.5",NA,"DP=4;VDB=7.635114e-02;AF1=1;AC1=2;DP4=0,0,3,1;MQ=37;FQ=-39"
"SRR098026","NC_012967.1","218317",NA,"G","T","28.8",NA,"DP=2;VDB=6.240000e-02;AF1=1;AC1=2;DP4=0,0,2,0;MQ=37;FQ=-33"
"SRR098026","NC_012967.1","259379",NA,"T","C","15.2",NA,"DP=3;VDB=6.240000e-02;RPB=8.745357e-01;AF1=0.501;AC1=1;DP4=1,0,0,2;MQ=37;FQ=-4.78;PV4=0.33,0.2,1,1"
"SRR098026","NC_012967.1","373203",NA,"C","A","15.2",NA,"DP=3;VDB=3.680000e-02;RPB=8.745357e-01;AF1=0.5016;AC1=1;DP4=1,0,0,2;MQ=33;FQ=-6.2;PV4=0.33,1,0.33,1"
"SRR098026","NC_012967.1","442240",NA,"C","A","11.3",NA,"DP=6;VDB=5.760000e-02;RPB=8.071455e-01;AF1=0.5;AC1=1;DP4=2,2,0,2;MQ=37;FQ=14.2;PV4=0.47,1,1,1"
"SRR098026","NC_012967.1","447290",NA,"T","C","25.8",NA,"DP=2;VDB=3.200000e-02;AF1=1;AC1=2;DP4=0,0,2,0;MQ=37;FQ=-33"
"SRR098026","NC_012967.1","467414",NA,"G","T","10.4",NA,"DP=4;VDB=4.320000e-02;RPB=-1.111223e+00;AF1=0.5;AC1=1;DP4=1,1,2,0;MQ=37;FQ=10.4;PV4=1,1,1,1"
"SRR098026","NC_012967.1","473901",NA,"CCGC","CCGCGC","66",NA,"INDEL;IS=3,0.750000;DP=4;VDB=6.846959e-02;AF1=1;AC1=2;DP4=0,0,0,4;MQ=34;FQ=-46.5"
"SRR098026","NC_012967.1","616985",NA,"G","T","6.2",NA,"DP=7;VDB=7.680000e-02;RPB=-9.837446e-01;AF1=0.4999;AC1=1;DP4=0,5,1,1;MQ=36;FQ=8.65;PV4=0.29,1,0.059,1"
"SRR098026","NC_012967.1","625794",NA,"C","A","10.4",NA,"DP=6;VDB=6.720000e-02;RPB=8.071455e-01;AF1=0.5;AC1=1;DP4=3,1,0,2;MQ=37;FQ=13.2;PV4=0.4,1,1,1"
"SRR098026","NC_012967.1","648692",NA,"C","T","49",NA,"DP=3;VDB=3.277706e-02;AF1=1;AC1=2;DP4=0,0,2,1;MQ=37;FQ=-36"
"SRR098026","NC_012967.1","685736",NA,"G","T","28.8",NA,"DP=2;VDB=4.480000e-02;AF1=1;AC1=2;DP4=0,0,2,0;MQ=37;FQ=-33"
"SRR098026","NC_012967.1","734488",NA,"C","T","55",NA,"DP=3;VDB=6.188863e-02;AF1=1;AC1=2;DP4=0,0,1,2;MQ=37;FQ=-36"
"SRR098026","NC_012967.1","734931",NA,"C","T","9.64",NA,"DP=3;VDB=5.960000e-02;RPB=-8.745357e-01;AF1=0.5163;AC1=1;DP4=1,0,0,2;MQ=37;FQ=-15.1;PV4=0.33,1,1,1"
"SRR098026","NC_012967.1","809721",NA,"C","A","11.3",NA,"DP=4;VDB=4.000000e-02;RPB=-1.111223e+00;AF1=0.5;AC1=1;DP4=2,0,0,2;MQ=34;FQ=9.74;PV4=0.33,1,0.21,1"
"SRR098026","NC_012967.1","938039",NA,"G","T","3.54",NA,"DP=4;VDB=4.800000e-02;RPB=0.000000e+00;AF1=0.4998;AC1=1;DP4=1,1,2,0;MQ=37;FQ=5.43;PV4=1,0.19,1,0.13"
"SRR098026","NC_012967.1","1129096",NA,"C","A","14.2",NA,"DP=4;VDB=7.360000e-02;RPB=1.111223e+00;AF1=0.5;AC1=1;DP4=1,1,0,2;MQ=37;FQ=16.3;PV4=1,0.3,1,0.28"
"SRR098026","NC_012967.1","1149658",NA,"C","A","15.2",NA,"DP=3;VDB=5.280000e-02;RPB=8.745357e-01;AF1=0.5016;AC1=1;DP4=0,1,0,2;MQ=37;FQ=-6.2;PV4=1,0.33,1,0.33"
"SRR098026","NC_012967.1","1325965",NA,"C","A","20.1",NA,"DP=3;VDB=7.200000e-02;RPB=8.745357e-01;AF1=0.5032;AC1=1;DP4=0,1,0,2;MQ=37;FQ=-8.63;PV4=1,1,1,1"
"SRR098026","NC_012967.1","1327986",NA,"G","T","24",NA,"DP=3;VDB=6.080000e-02;RPB=8.745357e-01;AF1=0.5013;AC1=1;DP4=1,0,1,1;MQ=37;FQ=-5.45;PV4=1,0.44,1,0.19"
"SRR098026","NC_012967.1","1468125",NA,"G","A","10.4",NA,"DP=6;VDB=6.240000e-02;RPB=-1.427508e+00;AF1=0.5;AC1=1;DP4=1,3,1,1;MQ=37;FQ=13.2;PV4=1,0.013,1,0.46"
"SRR098026","NC_012967.1","1680638",NA,"C","A","18.1",NA,"DP=3;VDB=6.240000e-02;RPB=8.745357e-01;AF1=0.5064;AC1=1;DP4=0,1,0,2;MQ=37;FQ=-11.3;PV4=1,1,1,1"
"SRR098026","NC_012967.1","1932267",NA,"G","A,T","3.55",NA,"DP=2;VDB=2.080000e-02;AF1=1;AC1=2;DP4=0,0,2,0;MQ=37;FQ=-30"
"SRR098026","NC_012967.1","1950319",NA,"C","A","26.8",NA,"DP=2;VDB=6.720000e-02;AF1=1;AC1=2;DP4=0,0,0,2;MQ=37;FQ=-33"
"SRR098026","NC_012967.1","1981778",NA,"C","T,A","3.02",NA,"DP=2;VDB=3.680000e-02;AF1=1;AC1=2;DP4=0,0,1,1;MQ=37;FQ=-30"
"SRR098026","NC_012967.1","1984928",NA,"A","T","20.1",NA,"DP=3;VDB=4.480000e-02;RPB=-8.745357e-01;AF1=0.501;AC1=1;DP4=1,0,2,0;MQ=37;FQ=-4.76;PV4=1,0.33,1,1"
"SRR098026","NC_012967.1","2174802",NA,"C","A","21.1",NA,"DP=3;VDB=4.640000e-02;RPB=8.745357e-01;AF1=0.5013;AC1=1;DP4=0,1,0,2;MQ=37;FQ=-5.45;PV4=1,1,1,0.38"
"SRR098026","NC_012967.1","2186380",NA,"C","A","16.9",NA,"DP=2;VDB=3.520000e-02;AF1=1;AC1=2;DP4=0,0,0,2;MQ=37;FQ=-33"
"SRR098026","NC_012967.1","2251087",NA,"C","A","9.52",NA,"DP=4;VDB=3.680000e-02;RPB=1.111223e+00;AF1=0.5;AC1=1;DP4=2,0,0,2;MQ=37;FQ=10.9;PV4=0.33,0.33,1,0.37"
"SRR098026","NC_012967.1","2288722",NA,"C","A","15.1",NA,"DP=5;VDB=6.720000e-02;RPB=-5.314005e-01;AF1=0.5;AC1=1;DP4=2,1,0,2;MQ=37;FQ=18.1;PV4=0.4,1,1,1"
"SRR098026","NC_012967.1","2389878",NA,"G","T","33.8",NA,"DP=2;VDB=5.280000e-02;AF1=1;AC1=2;DP4=0,0,1,1;MQ=37;FQ=-33"
"SRR098026","NC_012967.1","2392448",NA,"C","A","14.2",NA,"DP=5;VDB=5.960000e-02;RPB=1.291774e+00;AF1=0.5;AC1=1;DP4=1,2,0,2;MQ=37;FQ=17.1;PV4=1,1,1,0.25"
"SRR098026","NC_012967.1","2446984",NA,"A","C","35",NA,"DP=3;VDB=6.188863e-02;AF1=1;AC1=2;DP4=0,0,3,0;MQ=30;FQ=-36"
"SRR098026","NC_012967.1","2451525",NA,"G","T","27.8",NA,"DP=2;VDB=7.040000e-02;AF1=1;AC1=2;DP4=0,0,2,0;MQ=37;FQ=-33"
"SRR098026","NC_012967.1","2515166",NA,"C","A","12.3",NA,"DP=5;VDB=6.240000e-02;RPB=1.291774e+00;AF1=0.5;AC1=1;DP4=2,1,0,2;MQ=37;FQ=15.1;PV4=0.4,0.38,1,1"
"SRR098026","NC_012967.1","2532995",NA,"C","A","15.1",NA,"DP=4;VDB=7.040000e-02;RPB=1.111223e+00;AF1=0.5001;AC1=1;DP4=2,0,0,2;MQ=37;FQ=8.3;PV4=0.33,1,1,1"
"SRR098026","NC_012967.1","2611312",NA,"CT","C","25.2",NA,"INDEL;IS=2,1.000000;DP=2;VDB=7.680000e-02;AF1=1;AC1=2;DP4=0,0,2,0;MQ=37;FQ=-40.5"
"SRR098026","NC_012967.1","2640607",NA,"C","A","3.01",NA,"DP=10;VDB=5.440000e-02;RPB=-1.305582e-01;AF1=0.4997;AC1=1;DP4=2,6,0,2;MQ=37;FQ=4.77;PV4=1,1,1,0.32"
"SRR098026","NC_012967.1","2665639",NA,"A","T","54",NA,"DP=3;VDB=6.662997e-02;AF1=1;AC1=2;DP4=0,0,2,1;MQ=37;FQ=-36"
"SRR098026","NC_012967.1","2708719",NA,"G","T","13.2",NA,"DP=3;VDB=7.520000e-02;RPB=8.745357e-01;AF1=0.5016;AC1=1;DP4=1,0,2,0;MQ=37;FQ=-6.21;PV4=1,0.11,1,0.33"
"SRR098026","NC_012967.1","2740195",NA,"C","A","3.01",NA,"DP=5;VDB=6.880000e-02;RPB=-1.291774e+00;AF1=0.4998;AC1=1;DP4=2,1,0,2;MQ=37;FQ=4.77;PV4=0.4,0.25,1,1"
"SRR098026","NC_012967.1","2836595",NA,"G","T","10.4",NA,"DP=4;VDB=5.760000e-02;RPB=0.000000e+00;AF1=0.5;AC1=1;DP4=1,1,2,0;MQ=37;FQ=13;PV4=1,0.25,1,1"
"SRR098026","NC_012967.1","2842832",NA,"G","T","15.2",NA,"DP=3;VDB=6.400000e-02;RPB=-8.745357e-01;AF1=0.501;AC1=1;DP4=0,1,2,0;MQ=37;FQ=-4.78;PV4=0.33,0.2,1,0.44"
"SRR098026","NC_012967.1","2843036",NA,"G","A","15.9",NA,"DP=2;VDB=6.560000e-02;AF1=1;AC1=2;DP4=0,0,1,1;MQ=37;FQ=-33"
"SRR098026","NC_012967.1","2912165",NA,"C","A","18.1",NA,"DP=5;VDB=6.510297e-02;RPB=1.291774e+00;AF1=0.5;AC1=1;DP4=0,2,0,3;MQ=35;FQ=15;PV4=1,0.26,0.25,0.24"
"SRR098026","NC_012967.1","2916486",NA,"G","T","11.3",NA,"DP=4;VDB=5.600000e-02;RPB=1.111223e+00;AF1=0.5;AC1=1;DP4=2,0,2,0;MQ=34;FQ=11.3;PV4=1,1,0.21,1"
"SRR098026","NC_012967.1","2990340",NA,"G","T","10.4",NA,"DP=4;VDB=5.280000e-02;RPB=-1.111223e+00;AF1=0.5;AC1=1;DP4=1,1,2,0;MQ=37;FQ=13.1;PV4=1,0.077,1,0.38"
"SRR098026","NC_012967.1","3147192",NA,"C","A","18.8",NA,"DP=2;VDB=4.800000e-02;AF1=1;AC1=2;DP4=0,0,0,2;MQ=32;FQ=-33"
"SRR098026","NC_012967.1","3268332",NA,"C","A","16.1",NA,"DP=4;VDB=4.960000e-02;RPB=-1.111223e+00;AF1=0.5;AC1=1;DP4=0,2,0,2;MQ=37;FQ=16.1;PV4=1,1,1,1"
"SRR098026","NC_012967.1","3288025",NA,"T","A","53",NA,"DP=3;VDB=4.493050e-02;AF1=1;AC1=2;DP4=0,0,2,1;MQ=33;FQ=-36"
"SRR098026","NC_012967.1","3395494",NA,"G","T","12.3",NA,"DP=3;VDB=6.240000e-02;RPB=8.745357e-01;AF1=0.5032;AC1=1;DP4=0,1,1,1;MQ=37;FQ=-8.65;PV4=1,0.45,1,1"
"SRR098026","NC_012967.1","3416161",NA,"C","A","26.8",NA,"DP=2;VDB=7.520000e-02;AF1=1;AC1=2;DP4=0,0,0,2;MQ=37;FQ=-33"
"SRR098026","NC_012967.1","3463900",NA,"C","T","30.8",NA,"DP=2;VDB=7.680000e-02;AF1=1;AC1=2;DP4=0,0,1,1;MQ=37;FQ=-33"
"SRR098026","NC_012967.1","3478824",NA,"C","A","13.2",NA,"DP=6;VDB=5.280000e-02;RPB=0.000000e+00;AF1=0.5;AC1=1;DP4=2,2,0,2;MQ=37;FQ=16.1;PV4=0.47,1,1,1"
"SRR098026","NC_012967.1","3488669",NA,"A","C","91.3",NA,"DP=7;VDB=9.124705e-02;AF1=1;AC1=2;DP4=0,0,2,3;MQ=35;FQ=-42"
"SRR098026","NC_012967.1","3499541",NA,"G","T","21.1",NA,"DP=3;VDB=7.520000e-02;RPB=-8.745357e-01;AF1=0.5016;AC1=1;DP4=0,1,2,0;MQ=37;FQ=-6.19;PV4=0.33,1,1,1"
"SRR098026","NC_012967.1","3521161",NA,"C","A","3.54",NA,"DP=7;VDB=7.040000e-02;RPB=-9.837446e-01;AF1=0.4998;AC1=1;DP4=2,3,0,2;MQ=37;FQ=5.47;PV4=1,0.095,1,1"
"SRR098026","NC_012967.1","3612959",NA,"C","T","21.8",NA,"DP=2;VDB=3.840000e-02;AF1=1;AC1=2;DP4=0,0,1,1;MQ=37;FQ=-33"
"SRR098026","NC_012967.1","3667240",NA,"C","A","14.2",NA,"DP=6;VDB=3.040000e-02;RPB=1.427508e+00;AF1=0.5;AC1=1;DP4=2,2,0,2;MQ=37;FQ=17.1;PV4=0.47,1,1,1"
"SRR098026","NC_012967.1","3735806",NA,"G","T","4.15",NA,"DP=3;VDB=6.880000e-02;RPB=8.745357e-01;AF1=0.503;AC1=1;DP4=0,1,2,0;MQ=37;FQ=-8.81;PV4=0.33,0.089,1,1"
"SRR098026","NC_012967.1","3748335",NA,"G","T","5.46",NA,"DP=4;VDB=7.520000e-02;RPB=1.111223e+00;AF1=0.4999;AC1=1;DP4=2,0,2,0;MQ=37;FQ=7.66;PV4=1,0.044,1,1"
"SRR098026","NC_012967.1","3750193",NA,"G","T","13.2",NA,"DP=5;VDB=4.960000e-02;RPB=5.314005e-01;AF1=0.5;AC1=1;DP4=0,3,2,0;MQ=37;FQ=16.1;PV4=0.1,1,1,0.38"
"SRR098026","NC_012967.1","3753507",NA,"G","T","12",NA,"DP=2;VDB=6.880000e-02;AF1=1;AC1=2;DP4=0,0,2,0;MQ=37;FQ=-33"
"SRR098026","NC_012967.1","3893493",NA,"T","A","21",NA,"DP=5;VDB=7.840000e-02;RPB=-5.314005e-01;AF1=0.5;AC1=1;DP4=0,3,1,1;MQ=37;FQ=23.5;PV4=0.4,1,1,0.27"
"SRR098026","NC_012967.1","3893553",NA,"C","G","5.48",NA,"DP=4;VDB=7.520000e-02;RPB=0.000000e+00;AF1=0.5024;AC1=1;DP4=1,1,1,1;MQ=25;FQ=-7.92;PV4=1,1,1,1"
"SRR098026","NC_012967.1","3909807",NA,"G","T","34.8",NA,"DP=2;VDB=5.280000e-02;AF1=1;AC1=2;DP4=0,0,1,1;MQ=37;FQ=-33"
"SRR098026","NC_012967.1","4100183",NA,"A","G","32.8",NA,"DP=3;VDB=6.080000e-02;AF1=1;AC1=2;DP4=0,0,1,1;MQ=37;FQ=-33"
"SRR098026","NC_012967.1","4114449",NA,"G","T","4.81",NA,"DP=3;VDB=1.920000e-02;RPB=-8.745357e-01;AF1=0.5079;AC1=1;DP4=1,0,0,2;MQ=37;FQ=-12.3;PV4=0.33,0.46,1,1"
"SRR098026","NC_012967.1","4118012",NA,"C","A","9.52",NA,"DP=6;VDB=3.520000e-02;RPB=0.000000e+00;AF1=0.5;AC1=1;DP4=2,2,0,2;MQ=37;FQ=12.3;PV4=0.47,0.044,1,1"
"SRR098026","NC_012967.1","4177691",NA,"G","T","5.46",NA,"DP=5;VDB=5.960000e-02;RPB=1.291774e+00;AF1=0.4999;AC1=1;DP4=2,1,2,0;MQ=35;FQ=7.8;PV4=1,0.052,0.14,1"
"SRR098026","NC_012967.1","4255515",NA,"G","T","23.8",NA,"DP=2;VDB=7.200000e-02;AF1=1;AC1=2;DP4=0,0,2,0;MQ=37;FQ=-33"
"SRR098026","NC_012967.1","4431393",NA,"TGG","T","28.2",NA,"INDEL;IS=2,1.000000;DP=2;VDB=7.040000e-02;AF1=1;AC1=2;DP4=0,0,0,2;MQ=37;FQ=-40.5"
"SRR098026","NC_012967.1","4602573",NA,"C","A","20.8",NA,"DP=2;VDB=6.560000e-02;AF1=1;AC1=2;DP4=0,0,0,2;MQ=37;FQ=-33"
"SRR098026","NC_012967.1","4612795",NA,"T","G","14.2",NA,"DP=5;VDB=6.400000e-02;RPB=5.314005e-01;AF1=0.5;AC1=1;DP4=1,2,0,2;MQ=37;FQ=17;PV4=1,1,1,1"
"SRR098027","NC_012967.1","4848",NA,"G","T","4.13",NA,"DP=3;VDB=3.040000e-02;RPB=8.745357e-01;AF1=0.5002;AC1=1;DP4=0,1,2,0;MQ=33;FQ=-3.24;PV4=0.33,0.061,0.33,0.26"
"SRR098027","NC_012967.1","281923",NA,"G","T","18.8",NA,"DP=2;VDB=7.840000e-02;AF1=1;AC1=2;DP4=0,0,2,0;MQ=37;FQ=-33"
"SRR098027","NC_012967.1","406566",NA,"T","C","8.44",NA,"DP=2;VDB=5.440000e-02;AF1=1;AC1=2;DP4=0,0,0,2;MQ=32;FQ=-33"
"SRR098027","NC_012967.1","473901",NA,"CCGC","CCGCGC","95",NA,"INDEL;IS=4,1.000000;DP=4;VDB=8.150771e-02;AF1=1;AC1=2;DP4=0,0,2,2;MQ=37;FQ=-46.5"
"SRR098027","NC_012967.1","483019",NA,"T","G","11.1",NA,"DP=3;VDB=6.560000e-02;AF1=1;AC1=2;DP4=0,0,1,1;MQ=32;FQ=-33"
"SRR098027","NC_012967.1","860284",NA,"T","G","15.1",NA,"DP=3;VDB=4.800000e-02;RPB=8.745357e-01;AF1=0.5004;AC1=1;DP4=0,1,2,0;MQ=37;FQ=3.5;PV4=0.33,0.29,1,0.17"
"SRR098027","NC_012967.1","1118214",NA,"C","A","9.31",NA,"DP=2;VDB=7.040000e-02;AF1=1;AC1=2;DP4=0,0,0,2;MQ=37;FQ=-33"
"SRR098027","NC_012967.1","1331794",NA,"C","A","101",NA,"DP=4;VDB=7.792673e-02;AF1=1;AC1=2;DP4=0,0,2,2;MQ=37;FQ=-39"
"SRR098027","NC_012967.1","1341253",NA,"A","G","21.1",NA,"DP=5;VDB=7.064840e-02;RPB=8.293682e-01;AF1=0.5016;AC1=1;DP4=0,1,4,0;MQ=33;FQ=-6.19;PV4=0.2,0.019,0.25,0.12"
"SRR098027","NC_012967.1","1691510",NA,"G","A","22.8",NA,"DP=2;VDB=6.400000e-02;AF1=1;AC1=2;DP4=0,0,1,1;MQ=37;FQ=-33"
"SRR098027","NC_012967.1","1733343",NA,"G","A","35.8",NA,"DP=2;VDB=2.880000e-02;AF1=1;AC1=2;DP4=0,0,0,2;MQ=37;FQ=-33"
"SRR098027","NC_012967.1","1893443",NA,"CAAA","CAA","17.3",NA,"INDEL;IS=2,1.000000;DP=2;VDB=7.520000e-02;AF1=1;AC1=2;DP4=0,0,2,0;MQ=37;FQ=-40.5"
"SRR098027","NC_012967.1","2568401",NA,"A","C","15.1",NA,"DP=6;VDB=2.240000e-02;RPB=5.314005e-01;AF1=0.5;AC1=1;DP4=1,2,2,0;MQ=37;FQ=18.1;PV4=0.4,0.019,1,1"
"SRR098027","NC_012967.1","2665639",NA,"A","T","54",NA,"DP=4;VDB=5.867524e-02;AF1=1;AC1=2;DP4=0,0,2,1;MQ=37;FQ=-36"
"SRR098027","NC_012967.1","2748351",NA,"A","C","6.99",NA,"DP=3;VDB=7.200000e-02;RPB=-8.745357e-01;AF1=0.5012;AC1=1;DP4=1,0,0,2;MQ=30;FQ=-5.6;PV4=0.33,0.21,0,0.05"
"SRR098027","NC_012967.1","2910936",NA,"A","C","4.78",NA,"DP=3;VDB=4.960000e-02;RPB=-8.745357e-01;AF1=0.5024;AC1=1;DP4=1,0,0,2;MQ=33;FQ=-7.96;PV4=0.33,0.23,0.33,0.33"
"SRR098027","NC_012967.1","3017430",NA,"A","G","9.52",NA,"DP=7;VDB=5.085621e-02;RPB=1.579671e+00;AF1=0.5;AC1=1;DP4=1,2,3,0;MQ=35;FQ=12.3;PV4=0.4,0.16,0.19,0.32"
"SRR098027","NC_012967.1","3152406",NA,"A","C","25.8",NA,"DP=3;VDB=5.960000e-02;AF1=1;AC1=2;DP4=0,0,0,2;MQ=37;FQ=-33"
"SRR098027","NC_012967.1","3339313",NA,"A","C","31.8",NA,"DP=2;VDB=4.320000e-02;AF1=1;AC1=2;DP4=0,0,1,1;MQ=37;FQ=-33"
"SRR098027","NC_012967.1","3464788",NA,"G","A","83.5",NA,"DP=5;VDB=8.304407e-02;AF1=1;AC1=2;DP4=0,0,1,3;MQ=37;FQ=-39"
"SRR098027","NC_012967.1","3481820",NA,"A","G","29.8",NA,"DP=2;VDB=3.680000e-02;AF1=1;AC1=2;DP4=0,0,1,1;MQ=37;FQ=-33"
"SRR098027","NC_012967.1","3570440",NA,"T","C","3.41",NA,"DP=2;VDB=5.920000e-02;AF1=1;AC1=2;DP4=0,0,0,2;MQ=32;FQ=-33"
"SRR098027","NC_012967.1","4100183",NA,"A","G","89.5",NA,"DP=4;VDB=7.792673e-02;AF1=1;AC1=2;DP4=0,0,2,2;MQ=37;FQ=-39"
"SRR098027","NC_012967.1","4111342",NA,"C","T","33.8",NA,"DP=2;VDB=4.800000e-02;AF1=1;AC1=2;DP4=0,0,0,2;MQ=37;FQ=-33"
"SRR098027","NC_012967.1","4172746",NA,"T","G","17.8",NA,"DP=3;VDB=4.160000e-02;AF1=1;AC1=2;DP4=0,0,2,0;MQ=37;FQ=-33"
"SRR098027","NC_012967.1","4349015",NA,"T","G","4.77",NA,"DP=3;VDB=6.240000e-02;RPB=8.745357e-01;AF1=0.5005;AC1=1;DP4=0,1,2,0;MQ=33;FQ=-3.99;PV4=0.33,0.18,0.33,0.19"
"SRR098027","NC_012967.1","4350723",NA,"C","A","4.13",NA,"DP=3;VDB=6.560000e-02;RPB=-8.745357e-01;AF1=0.5002;AC1=1;DP4=0,1,0,2;MQ=30;FQ=-3.24;PV4=1,0.18,0,0.44"
"SRR098028","NC_012967.1","163282",NA,"G","T,C","3.02",NA,"DP=2;VDB=4.800000e-02;AF1=1;AC1=2;DP4=0,0,2,0;MQ=37;FQ=-30"
"SRR098028","NC_012967.1","200909",NA,"C","T","21.1",NA,"DP=3;VDB=5.960000e-02;RPB=-8.745357e-01;AF1=0.5025;AC1=1;DP4=1,0,2,0;MQ=37;FQ=-7.78;PV4=1,1,1,1"
"SRR098028","NC_012967.1","291902",NA,"G","T","17.1",NA,"DP=4;VDB=7.040000e-02;RPB=-1.111223e+00;AF1=0.5;AC1=1;DP4=2,0,2,0;MQ=37;FQ=16;PV4=1,1,1,0.13"
"SRR098028","NC_012967.1","313141",NA,"G","T,C","3.02",NA,"DP=2;VDB=5.120000e-02;AF1=1;AC1=2;DP4=0,0,1,1;MQ=37;FQ=-30"
"SRR098028","NC_012967.1","349915",NA,"G","T","9.54",NA,"DP=4;VDB=7.200000e-02;RPB=8.745357e-01;AF1=0.502;AC1=1;DP4=0,1,2,0;MQ=37;FQ=-7.02;PV4=0.33,0.36,1,0.022"
"SRR098028","NC_012967.1","513043",NA,"G","T","12.3",NA,"DP=4;VDB=4.644186e-02;RPB=-8.435450e-01;AF1=0.5025;AC1=1;DP4=1,0,0,3;MQ=37;FQ=-7.8;PV4=0.25,0.059,1,1"
"SRR098028","NC_012967.1","566526",NA,"G","T","8.64",NA,"DP=7;VDB=4.160000e-02;RPB=-3.960091e-01;AF1=0.5;AC1=1;DP4=2,3,2,0;MQ=37;FQ=11.3;PV4=0.43,1,1,1"
"SRR098028","NC_012967.1","623644",NA,"C","A","20",NA,"DP=4;VDB=4.000000e-02;RPB=0.000000e+00;AF1=0.5;AC1=1;DP4=1,1,1,1;MQ=37;FQ=20.5;PV4=1,0.35,1,0.48"
"SRR098028","NC_012967.1","767892",NA,"C","A","13.2",NA,"DP=5;VDB=7.200000e-02;RPB=5.314005e-01;AF1=0.5;AC1=1;DP4=2,1,1,1;MQ=35;FQ=16.1;PV4=1,1,0.14,0.1"
"SRR098028","NC_012967.1","773109",NA,"G","T","9.55",NA,"DP=3;VDB=5.760000e-02;RPB=-8.745357e-01;AF1=0.5031;AC1=1;DP4=1,0,2,0;MQ=37;FQ=-8.66;PV4=1,0.44,1,1"
"SRR098028","NC_012967.1","924220",NA,"G","T","16.9",NA,"DP=2;VDB=6.880000e-02;AF1=1;AC1=2;DP4=0,0,0,2;MQ=37;FQ=-33"
"SRR098028","NC_012967.1","1171589",NA,"C","G","4.14",NA,"DP=3;VDB=4.800000e-02;RPB=-8.745357e-01;AF1=0.5014;AC1=1;DP4=0,1,0,2;MQ=37;FQ=-6.5;PV4=1,0.12,1,0.47"
"SRR098028","NC_012967.1","1182221",NA,"G","T","9.52",NA,"DP=4;VDB=7.840000e-02;RPB=1.111223e+00;AF1=0.5;AC1=1;DP4=1,1,2,0;MQ=37;FQ=11.7;PV4=1,0.37,1,1"
"SRR098028","NC_012967.1","1619786",NA,"G","T","22",NA,"DP=3;VDB=6.240000e-02;RPB=8.745357e-01;AF1=0.5013;AC1=1;DP4=0,1,2,0;MQ=37;FQ=-5.45;PV4=0.33,1,1,1"
"SRR098028","NC_012967.1","1728318",NA,"C","A","7.83",NA,"DP=3;VDB=7.040000e-02;RPB=-8.745357e-01;AF1=0.505;AC1=1;DP4=0,1,0,2;MQ=37;FQ=-10.4;PV4=1,0.46,1,1"
"SRR098028","NC_012967.1","1733343",NA,"G","A","29.8",NA,"DP=2;VDB=2.720000e-02;AF1=1;AC1=2;DP4=0,0,1,1;MQ=37;FQ=-33"
"SRR098028","NC_012967.1","1944207",NA,"C","A","19.1",NA,"DP=3;VDB=7.520000e-02;RPB=-8.745357e-01;AF1=0.5025;AC1=1;DP4=1,0,0,2;MQ=37;FQ=-7.78;PV4=0.33,1,1,1"
"SRR098028","NC_012967.1","2056228",NA,"C","A","21",NA,"DP=4;VDB=4.320000e-02;RPB=1.111223e+00;AF1=0.5;AC1=1;DP4=0,2,1,1;MQ=34;FQ=10.3;PV4=1,0.39,1,0.41"
"SRR098028","NC_012967.1","2088176",NA,"G","T","19.8",NA,"DP=2;VDB=5.440000e-02;AF1=1;AC1=2;DP4=0,0,2,0;MQ=32;FQ=-33"
"SRR098028","NC_012967.1","2210245",NA,"C","A","16.1",NA,"DP=3;VDB=6.560000e-02;RPB=8.745357e-01;AF1=0.5012;AC1=1;DP4=0,1,0,2;MQ=37;FQ=-5.46;PV4=1,0.23,1,0.2"
"SRR098028","NC_012967.1","2216238",NA,"G","T","16.1",NA,"DP=4;VDB=6.400000e-02;RPB=1.111223e+00;AF1=0.5;AC1=1;DP4=1,1,2,0;MQ=37;FQ=14.4;PV4=1,1,1,1"
"SRR098028","NC_012967.1","2232225",NA,"C","A","15.1",NA,"DP=5;VDB=6.720000e-02;RPB=-5.314005e-01;AF1=0.5;AC1=1;DP4=2,1,0,2;MQ=37;FQ=18.1;PV4=0.4,1,1,1"
"SRR098028","NC_012967.1","2232288",NA,"G","T","3.01",NA,"DP=5;VDB=4.800000e-02;RPB=5.314005e-01;AF1=0.4997;AC1=1;DP4=0,3,2,0;MQ=35;FQ=4.77;PV4=0.1,0.12,0.14,0.42"
"SRR098028","NC_012967.1","2282244",NA,"G","T","5.47",NA,"DP=3;VDB=3.680000e-02;RPB=-8.745357e-01;AF1=0.5012;AC1=1;DP4=0,1,2,0;MQ=33;FQ=-5.68;PV4=0.33,0.22,0.33,1"
"SRR098028","NC_012967.1","2581846",NA,"TA","T","11.8",NA,"INDEL;IS=2,0.400000;DP=5;VDB=9.222646e-02;AF1=0.5;AC1=1;DP4=1,2,2,0;MQ=37;FQ=14.6;PV4=0.4,0.0014,1,0.19"
"SRR098028","NC_012967.1","2769860",NA,"G","T","12.3",NA,"DP=6;VDB=5.280000e-02;RPB=-8.071455e-01;AF1=0.5;AC1=1;DP4=3,1,2,0;MQ=37;FQ=15.1;PV4=1,0.38,1,1"
"SRR098028","NC_012967.1","2899437",NA,"G","T","32.8",NA,"DP=2;VDB=6.720000e-02;AF1=1;AC1=2;DP4=0,0,1,1;MQ=37;FQ=-33"
"SRR098028","NC_012967.1","3076419",NA,"C","A","5.29",NA,"DP=2;VDB=5.280000e-02;AF1=1;AC1=2;DP4=0,0,2,0;MQ=37;FQ=-33"
"SRR098028","NC_012967.1","3137149",NA,"G","T","14.2",NA,"DP=6;VDB=7.200000e-02;RPB=-8.071455e-01;AF1=0.5;AC1=1;DP4=4,0,2,0;MQ=37;FQ=17.1;PV4=1,1,1,0.21"
"SRR098028","NC_012967.1","3211775",NA,"C","A","16.1",NA,"DP=3;VDB=2.560000e-02;RPB=8.745357e-01;AF1=0.501;AC1=1;DP4=1,0,0,2;MQ=37;FQ=-4.77;PV4=0.33,0.33,1,1"
"SRR098028","NC_012967.1","3249997",NA,"A","G","26.8",NA,"DP=2;VDB=6.240000e-02;AF1=1;AC1=2;DP4=0,0,1,1;MQ=37;FQ=-33"
"SRR098028","NC_012967.1","3272450",NA,"C","A","6.98",NA,"DP=8;VDB=3.840000e-02;RPB=1.114905e+00;AF1=0.4999;AC1=1;DP4=3,3,1,1;MQ=37;FQ=9.53;PV4=1,1,1,1"
"SRR098028","NC_012967.1","3284213",NA,"G","T","24.8",NA,"DP=2;VDB=6.880000e-02;AF1=1;AC1=2;DP4=0,0,2,0;MQ=37;FQ=-33"
"SRR098028","NC_012967.1","3325366",NA,"C","A","20",NA,"DP=4;VDB=7.520000e-02;RPB=0.000000e+00;AF1=0.5;AC1=1;DP4=2,0,0,2;MQ=37;FQ=18.3;PV4=0.33,1,1,1"
"SRR098028","NC_012967.1","3344056",NA,"G","T","9.52",NA,"DP=4;VDB=5.280000e-02;RPB=0.000000e+00;AF1=0.5;AC1=1;DP4=1,1,2,0;MQ=34;FQ=11.9;PV4=1,0.16,0.21,1"
"SRR098028","NC_012967.1","3345691",NA,"A","G","7.8",NA,"DP=5;VDB=3.520000e-02;RPB=5.314005e-01;AF1=0.5;AC1=1;DP4=3,0,2,0;MQ=37;FQ=10.4;PV4=1,0.21,1,1"
"SRR098028","NC_012967.1","3453424",NA,"G","T","8.64",NA,"DP=5;VDB=2.080000e-02;RPB=-1.291774e+00;AF1=0.5;AC1=1;DP4=2,1,2,0;MQ=35;FQ=11.3;PV4=1,0.12,0.14,1"
"SRR098028","NC_012967.1","3688020",NA,"C","A","18.1",NA,"DP=4;VDB=7.360000e-02;RPB=0.000000e+00;AF1=0.5;AC1=1;DP4=2,0,0,2;MQ=37;FQ=15;PV4=0.33,1,1,1"
"SRR098028","NC_012967.1","3694204",NA,"C","A","10.4",NA,"DP=6;VDB=7.680000e-02;RPB=0.000000e+00;AF1=0.5;AC1=1;DP4=1,3,0,2;MQ=35;FQ=13.2;PV4=1,1,1,1"
"SRR098028","NC_012967.1","3724985",NA,"C","T","11.4",NA,"DP=3;VDB=6.720000e-02;RPB=-8.745357e-01;AF1=0.5016;AC1=1;DP4=1,0,1,1;MQ=30;FQ=-6.22;PV4=1,1,0,1"
"SRR098028","NC_012967.1","3764694",NA,"C","A","31",NA,"DP=4;VDB=5.498856e-02;RPB=8.435450e-01;AF1=0.502;AC1=1;DP4=1,0,0,3;MQ=34;FQ=-6.96;PV4=0.25,0.14,0.33,0.065"
"SRR098028","NC_012967.1","3784767",NA,"G","T","11.1",NA,"DP=2;VDB=4.160000e-02;AF1=1;AC1=2;DP4=0,0,2,0;MQ=37;FQ=-33"
"SRR098028","NC_012967.1","3851489",NA,"C","A","20",NA,"DP=4;VDB=3.200000e-02;RPB=1.111223e+00;AF1=0.5;AC1=1;DP4=0,2,0,2;MQ=37;FQ=18.3;PV4=1,1,1,0.27"
"SRR098028","NC_012967.1","3882370",NA,"C","T","12.3",NA,"DP=3;VDB=4.480000e-02;RPB=8.745357e-01;AF1=0.501;AC1=1;DP4=0,1,1,1;MQ=37;FQ=-4.8;PV4=1,0.35,1,0.25"
"SRR098028","NC_012967.1","3955734",NA,"G","T","13",NA,"DP=2;VDB=7.520000e-02;AF1=1;AC1=2;DP4=0,0,0,2;MQ=37;FQ=-33"
"SRR098028","NC_012967.1","4033094",NA,"T","C","6.21",NA,"DP=3;VDB=1.600000e-02;RPB=8.745357e-01;AF1=0.5012;AC1=1;DP4=1,0,0,2;MQ=33;FQ=-5.64;PV4=0.33,0.068,0.33,1"
"SRR098028","NC_012967.1","4107052",NA,"G","C,A","3.02",NA,"DP=2;VDB=4.320000e-02;AF1=1;AC1=2;DP4=0,0,1,1;MQ=37;FQ=-30"
"SRR098028","NC_012967.1","4196285",NA,"C","A","19.1",NA,"DP=4;VDB=7.520000e-02;RPB=0.000000e+00;AF1=0.5;AC1=1;DP4=0,2,0,2;MQ=37;FQ=17.3;PV4=1,1,1,1"
"SRR098028","NC_012967.1","4379618",NA,"G","T","14.2",NA,"DP=4;VDB=5.440000e-02;RPB=1.111223e+00;AF1=0.5001;AC1=1;DP4=0,2,2,0;MQ=37;FQ=6.72;PV4=0.33,1,1,0.15"
"SRR098028","NC_012967.1","4408884",NA,"C","A","27",NA,"DP=5;VDB=4.050643e-02;RPB=-8.293682e-01;AF1=0.504;AC1=1;DP4=0,1,4,0;MQ=37;FQ=-9.5;PV4=0.2,0.023,1,1"
"SRR098028","NC_012967.1","4431393",NA,"TGG","T","65.4",NA,"INDEL;IS=3,1.000000;DP=3;VDB=6.568498e-02;AF1=1;AC1=2;DP4=0,0,1,2;MQ=37;FQ=-43.5"
"SRR098028","NC_012967.1","4450745",NA,"T","A","21",NA,"DP=4;VDB=3.200000e-02;RPB=-1.111223e+00;AF1=0.5;AC1=1;DP4=1,1,1,1;MQ=37;FQ=21;PV4=1,1,1,0.42"
"SRR098028","NC_012967.1","4587045",NA,"G","T","6.2",NA,"DP=4;VDB=4.480000e-02;RPB=0.000000e+00;AF1=0.4999;AC1=1;DP4=2,0,2,0;MQ=37;FQ=8.3;PV4=1,0.22,1,0.32"
"SRR098281","NC_012967.1","71672",NA,"A","T","25.8",NA,"DP=2;VDB=5.760000e-02;AF1=1;AC1=2;DP4=0,0,1,1;MQ=32;FQ=-33"
"SRR098281","NC_012967.1","286117",NA,"G","T","13.2",NA,"DP=6;VDB=3.840000e-02;RPB=8.071455e-01;AF1=0.5;AC1=1;DP4=3,1,2,0;MQ=35;FQ=16.1;PV4=1,1,1,1"
"SRR098281","NC_012967.1","364960",NA,"C","A,G","3.02",NA,"DP=2;VDB=6.720000e-02;AF1=1;AC1=2;DP4=0,0,0,2;MQ=37;FQ=-30"
"SRR098281","NC_012967.1","648692",NA,"C","T","18.8",NA,"DP=2;VDB=6.880000e-02;AF1=1;AC1=2;DP4=0,0,2,0;MQ=37;FQ=-33"
"SRR098281","NC_012967.1","701414",NA,"G","T","7.8",NA,"DP=7;VDB=6.560000e-02;RPB=-3.960091e-01;AF1=0.5;AC1=1;DP4=0,5,2,0;MQ=37;FQ=10.4;PV4=0.048,0.081,1,1"
"SRR098281","NC_012967.1","862521",NA,"C","A","14.3",NA,"DP=3;VDB=5.760000e-02;RPB=8.745357e-01;AF1=0.5207;AC1=1;DP4=1,0,0,2;MQ=37;FQ=-16.1;PV4=0.33,1,1,1"
"SRR098281","NC_012967.1","1285490",NA,"C","A","15.1",NA,"DP=4;VDB=3.680000e-02;RPB=0.000000e+00;AF1=0.5;AC1=1;DP4=1,1,0,2;MQ=37;FQ=16;PV4=1,1,1,0.33"
"SRR098281","NC_012967.1","1632659",NA,"C","T","17.1",NA,"DP=5;VDB=4.000000e-02;RPB=-5.314005e-01;AF1=0.5;AC1=1;DP4=1,2,1,1;MQ=35;FQ=20;PV4=1,1,1,1"
"SRR098281","NC_012967.1","1654921",NA,"C","A","23",NA,"DP=3;VDB=7.680000e-02;RPB=8.745357e-01;AF1=0.501;AC1=1;DP4=1,0,0,2;MQ=37;FQ=-4.76;PV4=0.33,1,1,1"
"SRR098281","NC_012967.1","1954609",NA,"G","T","19.1",NA,"DP=5;VDB=6.080000e-02;RPB=5.314005e-01;AF1=0.5;AC1=1;DP4=1,2,1,1;MQ=37;FQ=22;PV4=1,0.25,1,0.39"
"SRR098281","NC_012967.1","2066320",NA,"T","C","6.2",NA,"DP=6;VDB=4.800000e-02;RPB=-8.071455e-01;AF1=0.4999;AC1=1;DP4=2,2,2,0;MQ=37;FQ=8.65;PV4=0.47,0.051,1,0.25"
"SRR098281","NC_012967.1","2089133",NA,"A","T","13.2",NA,"DP=5;VDB=3.520000e-02;RPB=1.291774e+00;AF1=0.5;AC1=1;DP4=2,1,2,0;MQ=37;FQ=16.1;PV4=1,1,1,1"
"SRR098281","NC_012967.1","2197244",NA,"T","C","10.4",NA,"DP=3;VDB=1.600000e-02;RPB=8.745357e-01;AF1=0.501;AC1=1;DP4=0,1,1,1;MQ=37;FQ=-4.83;PV4=1,0.32,1,0.47"
"SRR098281","NC_012967.1","2267524",NA,"G","T","6.98",NA,"DP=7;VDB=2.560000e-02;RPB=3.960091e-01;AF1=0.4999;AC1=1;DP4=3,2,2,0;MQ=37;FQ=9.53;PV4=1,0.2,1,1"
"SRR098281","NC_012967.1","2413954",NA,"G","T","9.52",NA,"DP=4;VDB=5.440000e-02;RPB=-1.111223e+00;AF1=0.5;AC1=1;DP4=0,2,2,0;MQ=34;FQ=11.2;PV4=0.33,1,0.21,0.22"
"SRR098281","NC_012967.1","2847444",NA,"C","G","5.46",NA,"DP=5;VDB=6.880000e-02;RPB=-1.291774e+00;AF1=0.4999;AC1=1;DP4=2,1,0,2;MQ=37;FQ=7.8;PV4=0.4,0.17,1,1"
"SRR098281","NC_012967.1","2848006",NA,"C","A","13.2",NA,"DP=4;VDB=4.800000e-02;RPB=1.111223e+00;AF1=0.5;AC1=1;DP4=0,2,0,2;MQ=37;FQ=14.4;PV4=1,0.31,1,0.43"
"SRR098281","NC_012967.1","2908691",NA,"T","A","16.1",NA,"DP=3;VDB=7.520000e-02;RPB=-8.745357e-01;AF1=0.502;AC1=1;DP4=1,0,1,1;MQ=37;FQ=-6.97;PV4=1,0.43,1,0.17"
"SRR098281","NC_012967.1","2925728",NA,"A","G","3.01",NA,"DP=6;VDB=7.680000e-02;RPB=8.071455e-01;AF1=0.4997;AC1=1;DP4=1,3,0,2;MQ=37;FQ=4.77;PV4=1,0.06,1,0.27"
"SRR098281","NC_012967.1","3293841",NA,"C","A","13.2",NA,"DP=4;VDB=5.440000e-02;RPB=-1.111223e+00;AF1=0.5;AC1=1;DP4=0,2,0,2;MQ=37;FQ=11.6;PV4=1,1,1,1"
"SRR098281","NC_012967.1","3339137",NA,"A","G","39",NA,"DP=3;VDB=5.223237e-02;AF1=1;AC1=2;DP4=0,0,3,0;MQ=37;FQ=-36"
"SRR098281","NC_012967.1","3480017",NA,"G","C","18.8",NA,"DP=2;VDB=3.200000e-02;AF1=1;AC1=2;DP4=0,0,2,0;MQ=32;FQ=-33"
"SRR098281","NC_012967.1","3481820",NA,"A","G","24",NA,"DP=3;VDB=4.160000e-02;RPB=8.745357e-01;AF1=0.501;AC1=1;DP4=1,0,1,1;MQ=37;FQ=-4.76;PV4=1,0.17,1,1"
"SRR098281","NC_012967.1","3638684",NA,"G","T","24.8",NA,"DP=2;VDB=3.040000e-02;AF1=1;AC1=2;DP4=0,0,2,0;MQ=37;FQ=-33"
"SRR098281","NC_012967.1","3727281",NA,"A","T","15.1",NA,"DP=4;VDB=7.840000e-02;RPB=-1.111223e+00;AF1=0.5;AC1=1;DP4=1,1,0,2;MQ=37;FQ=16.9;PV4=1,0.45,1,0.39"
"SRR098281","NC_012967.1","3729409",NA,"G","T","31.8",NA,"DP=2;VDB=7.040000e-02;AF1=1;AC1=2;DP4=0,0,1,1;MQ=37;FQ=-33"
"SRR098281","NC_012967.1","3835086",NA,"C","A","4.77",NA,"DP=4;VDB=7.520000e-02;RPB=1.111223e+00;AF1=0.4999;AC1=1;DP4=0,2,0,2;MQ=37;FQ=6.48;PV4=1,0.32,1,1"
"SRR098281","NC_012967.1","4100183",NA,"A","G","34",NA,"DP=3;VDB=5.498856e-02;AF1=1;AC1=2;DP4=0,0,1,2;MQ=37;FQ=-36"
"SRR098281","NC_012967.1","4174400",NA,"G","T","13.9",NA,"DP=2;VDB=7.040000e-02;AF1=1;AC1=2;DP4=0,0,2,0;MQ=37;FQ=-33"
"SRR098281","NC_012967.1","4294415",NA,"G","T","7.8",NA,"DP=5;VDB=7.840000e-02;RPB=-5.314005e-01;AF1=0.5;AC1=1;DP4=2,1,1,1;MQ=35;FQ=10.4;PV4=1,0.071,0.14,1"
"SRR098283","NC_012967.1","110152",NA,"T","A","18.1",NA,"DP=3;VDB=4.800000e-02;RPB=8.745357e-01;AF1=0.5025;AC1=1;DP4=1,0,0,2;MQ=37;FQ=-7.78;PV4=0.33,1,1,0.2"
"SRR098283","NC_012967.1","270633",NA,"G","T","26.8",NA,"DP=2;VDB=6.080000e-02;AF1=1;AC1=2;DP4=0,0,2,0;MQ=37;FQ=-33"
"SRR098283","NC_012967.1","273964",NA,"G","T","23.8",NA,"DP=2;VDB=5.960000e-02;AF1=1;AC1=2;DP4=0,0,2,0;MQ=37;FQ=-33"
"SRR098283","NC_012967.1","475173",NA,"G","C","21.8",NA,"DP=2;VDB=7.040000e-02;AF1=1;AC1=2;DP4=0,0,1,1;MQ=37;FQ=-33"
"SRR098283","NC_012967.1","654603",NA,"A","T","10.4",NA,"DP=5;VDB=6.240000e-02;RPB=-5.314005e-01;AF1=0.5;AC1=1;DP4=1,2,1,1;MQ=35;FQ=13.2;PV4=1,1,0.14,1"
"SRR098283","NC_012967.1","786933",NA,"G","T","5.46",NA,"DP=6;VDB=7.200000e-02;RPB=-8.071455e-01;AF1=0.4999;AC1=1;DP4=3,1,2,0;MQ=35;FQ=7.8;PV4=1,1,0.089,1"
"SRR098283","NC_012967.1","1017485",NA,"G","T","5.46",NA,"DP=5;VDB=5.600000e-02;RPB=1.291774e+00;AF1=0.4999;AC1=1;DP4=0,3,2,0;MQ=37;FQ=7.78;PV4=0.1,0.27,1,1"
"SRR098283","NC_012967.1","1031989",NA,"G","T","14.2",NA,"DP=3;VDB=4.640000e-02;RPB=8.745357e-01;AF1=0.5012;AC1=1;DP4=0,1,2,0;MQ=37;FQ=-5.47;PV4=0.33,0.33,1,1"
"SRR098283","NC_012967.1","1175228",NA,"G","T","22",NA,"DP=3;VDB=4.000000e-02;RPB=-8.745357e-01;AF1=0.5013;AC1=1;DP4=0,1,2,0;MQ=37;FQ=-5.45;PV4=0.33,1,1,1"
"SRR098283","NC_012967.1","1192469",NA,"G","T","14.2",NA,"DP=4;VDB=7.040000e-02;RPB=1.111223e+00;AF1=0.5;AC1=1;DP4=1,1,1,1;MQ=34;FQ=16.6;PV4=1,0.21,0.21,1"
"SRR098283","NC_012967.1","1261665",NA,"C","A","4.77",NA,"DP=5;VDB=4.960000e-02;RPB=-1.291774e+00;AF1=0.4999;AC1=1;DP4=3,0,0,2;MQ=35;FQ=6.98;PV4=0.1,0.44,0.14,0.18"
"SRR098283","NC_012967.1","1284770",NA,"G","T","13.2",NA,"DP=4;VDB=5.760000e-02;RPB=1.111223e+00;AF1=0.5;AC1=1;DP4=2,0,2,0;MQ=37;FQ=13.2;PV4=1,1,1,1"
"SRR098283","NC_012967.1","1331794",NA,"C","A","3.41",NA,"DP=3;VDB=4.000000e-02;AF1=1;AC1=2;DP4=0,0,0,2;MQ=37;FQ=-33"
"SRR098283","NC_012967.1","1394166",NA,"G","T","24.8",NA,"DP=2;VDB=7.040000e-02;AF1=1;AC1=2;DP4=0,0,2,0;MQ=37;FQ=-33"
"SRR098283","NC_012967.1","1396222",NA,"G","T","15.1",NA,"DP=4;VDB=2.560000e-02;RPB=-1.111223e+00;AF1=0.5;AC1=1;DP4=1,1,2,0;MQ=37;FQ=12.1;PV4=1,1,1,1"
"SRR098283","NC_012967.1","1700322",NA,"C","A","12.3",NA,"DP=5;VDB=5.440000e-02;RPB=-5.314005e-01;AF1=0.5;AC1=1;DP4=1,2,1,1;MQ=37;FQ=15.1;PV4=1,0.41,1,0.42"
"SRR098283","NC_012967.1","1733343",NA,"G","A","51",NA,"DP=3;VDB=4.187638e-02;AF1=1;AC1=2;DP4=0,0,1,2;MQ=33;FQ=-36"
"SRR098283","NC_012967.1","1809146",NA,"C","A","6.2",NA,"DP=5;VDB=7.680000e-02;RPB=5.314005e-01;AF1=0.4999;AC1=1;DP4=1,2,0,2;MQ=37;FQ=8.65;PV4=1,0.073,1,1"
"SRR098283","NC_012967.1","1914888",NA,"C","A","15.2",NA,"DP=3;VDB=5.600000e-02;RPB=8.745357e-01;AF1=0.505;AC1=1;DP4=1,0,0,2;MQ=33;FQ=-10.4;PV4=0.33,1,0.33,0.089"
"SRR098283","NC_012967.1","2006897",NA,"C","A","15.3",NA,"DP=3;VDB=5.440000e-02;RPB=8.745357e-01;AF1=0.5207;AC1=1;DP4=1,0,0,2;MQ=37;FQ=-16.1;PV4=0.33,1,1,0.33"
"SRR098283","NC_012967.1","2182408",NA,"C","A","19.1",NA,"DP=4;VDB=6.400000e-02;RPB=0.000000e+00;AF1=0.5;AC1=1;DP4=1,1,1,1;MQ=37;FQ=16.7;PV4=1,1,1,0.026"
"SRR098283","NC_012967.1","2259520",NA,"C","A","16.1",NA,"DP=5;VDB=5.960000e-02;RPB=5.314005e-01;AF1=0.5;AC1=1;DP4=3,0,0,2;MQ=37;FQ=18.8;PV4=0.1,1,1,1"
"SRR098283","NC_012967.1","2333538",NA,"AT","ATT","33.2",NA,"INDEL;IS=2,1.000000;DP=2;VDB=6.880000e-02;AF1=1;AC1=2;DP4=0,0,1,1;MQ=37;FQ=-40.5"
"SRR098283","NC_012967.1","2391430",NA,"G","A","12.3",NA,"DP=5;VDB=5.440000e-02;RPB=5.314005e-01;AF1=0.5;AC1=1;DP4=1,2,0,2;MQ=37;FQ=15.1;PV4=1,0.47,1,0.3"
"SRR098283","NC_012967.1","2450353",NA,"C","A","13.2",NA,"DP=5;VDB=5.960000e-02;RPB=-1.291774e+00;AF1=0.5;AC1=1;DP4=2,1,0,2;MQ=37;FQ=16.1;PV4=0.4,0.44,1,1"
"SRR098283","NC_012967.1","2483095",NA,"C","A","9.64",NA,"DP=3;VDB=3.200000e-02;RPB=8.745357e-01;AF1=0.5163;AC1=1;DP4=1,0,1,1;MQ=37;FQ=-15.1;PV4=1,1,1,0.45"
"SRR098283","NC_012967.1","2587762",NA,"G","T","13.2",NA,"DP=4;VDB=7.680000e-02;RPB=0.000000e+00;AF1=0.5;AC1=1;DP4=0,2,2,0;MQ=34;FQ=15.2;PV4=0.33,1,0.21,1"
"SRR098283","NC_012967.1","2661029",NA,"C","A","22.1",NA,"DP=3;VDB=7.520000e-02;RPB=8.745357e-01;AF1=0.502;AC1=1;DP4=1,0,0,2;MQ=37;FQ=-6.96;PV4=0.33,1,1,0.029"
"SRR098283","NC_012967.1","2764395",NA,"C","A","20.1",NA,"DP=3;VDB=3.840000e-02;RPB=-8.745357e-01;AF1=0.501;AC1=1;DP4=0,1,0,2;MQ=37;FQ=-4.76;PV4=1,0.33,1,0.48"
"SRR098283","NC_012967.1","2779400",NA,"G","T","15.1",NA,"DP=4;VDB=7.040000e-02;RPB=-1.111223e+00;AF1=0.5;AC1=1;DP4=1,1,2,0;MQ=37;FQ=16.7;PV4=1,1,1,0.47"
"SRR098283","NC_012967.1","2894345",NA,"G","T","12",NA,"DP=2;VDB=6.080000e-02;AF1=1;AC1=2;DP4=0,0,2,0;MQ=37;FQ=-33"
"SRR098283","NC_012967.1","2981487",NA,"G","T","21.8",NA,"DP=2;VDB=4.480000e-02;AF1=1;AC1=2;DP4=0,0,2,0;MQ=37;FQ=-33"
"SRR098283","NC_012967.1","3214685",NA,"C","A","15.2",NA,"DP=3;VDB=5.960000e-02;RPB=-8.745357e-01;AF1=0.5064;AC1=1;DP4=1,0,1,1;MQ=37;FQ=-11.3;PV4=1,1,1,1"
"SRR098283","NC_012967.1","3245641",NA,"C","A","5.46",NA,"DP=7;VDB=5.960000e-02;RPB=1.534291e+00;AF1=0.4999;AC1=1;DP4=1,4,0,2;MQ=34;FQ=7.8;PV4=1,1,0.26,0.14"
"SRR098283","NC_012967.1","3253153",NA,"G","A","10.2",NA,"DP=2;VDB=5.600000e-02;AF1=1;AC1=2;DP4=0,0,0,2;MQ=37;FQ=-33"
"SRR098283","NC_012967.1","3335228",NA,"G","A","10.2",NA,"DP=2;VDB=3.840000e-02;AF1=1;AC1=2;DP4=0,0,2,0;MQ=37;FQ=-33"
"SRR098283","NC_012967.1","3343910",NA,"C","A,T","3.02",NA,"DP=2;VDB=6.560000e-02;AF1=1;AC1=2;DP4=0,0,0,2;MQ=37;FQ=-30"
"SRR098283","NC_012967.1","3401754",NA,"C","A","30.8",NA,"DP=3;VDB=7.360000e-02;AF1=1;AC1=2;DP4=0,0,1,1;MQ=37;FQ=-33"
"SRR098283","NC_012967.1","3452764",NA,"G","T","19.1",NA,"DP=4;VDB=7.200000e-02;RPB=-1.111223e+00;AF1=0.5;AC1=1;DP4=0,2,2,0;MQ=37;FQ=15.9;PV4=0.33,1,1,1"
"SRR098283","NC_012967.1","3470281",NA,"A","C","27.8",NA,"DP=2;VDB=6.240000e-02;AF1=1;AC1=2;DP4=0,0,0,2;MQ=37;FQ=-33"
"SRR098283","NC_012967.1","3474597",NA,"C","T","18.8",NA,"DP=2;VDB=6.880000e-02;AF1=1;AC1=2;DP4=0,0,2,0;MQ=32;FQ=-33"
"SRR098283","NC_012967.1","3496496",NA,"G","T","22.1",NA,"DP=3;VDB=7.520000e-02;RPB=-8.745357e-01;AF1=0.504;AC1=1;DP4=0,1,2,0;MQ=37;FQ=-9.5;PV4=0.33,1,1,0.11"
"SRR098283","NC_012967.1","3590453",NA,"C","A","14.2",NA,"DP=5;VDB=7.520000e-02;RPB=5.314005e-01;AF1=0.5;AC1=1;DP4=1,2,0,2;MQ=37;FQ=17.1;PV4=1,1,1,0.27"
"SRR098283","NC_012967.1","3771204",NA,"G","T","24",NA,"DP=4;VDB=7.680000e-02;RPB=-1.111223e+00;AF1=0.5;AC1=1;DP4=1,1,1,1;MQ=37;FQ=20.9;PV4=1,1,1,0.34"
"SRR098283","NC_012967.1","4051380",NA,"G","T","12.3",NA,"DP=6;VDB=7.200000e-02;RPB=8.071455e-01;AF1=0.5;AC1=1;DP4=4,0,2,0;MQ=37;FQ=15.1;PV4=1,1,1,0.18"
"SRR098283","NC_012967.1","4053901",NA,"C","A","4.13",NA,"DP=5;VDB=6.880000e-02;RPB=-1.111223e+00;AF1=0.4998;AC1=1;DP4=0,2,2,0;MQ=37;FQ=6.1;PV4=0.33,0.044,1,0.4"
"SRR098283","NC_012967.1","4060177",NA,"G","T","14.2",NA,"DP=4;VDB=5.760000e-02;RPB=-1.111223e+00;AF1=0.5;AC1=1;DP4=1,1,2,0;MQ=37;FQ=16.3;PV4=1,0.3,1,1"
"SRR098283","NC_012967.1","4095450",NA,"G","T","18.1",NA,"DP=4;VDB=7.200000e-02;RPB=0.000000e+00;AF1=0.5;AC1=1;DP4=2,0,1,1;MQ=37;FQ=18.9;PV4=1,0.0099,1,1"
"SRR098283","NC_012967.1","4100183",NA,"A","G","24.8",NA,"DP=2;VDB=6.240000e-02;AF1=1;AC1=2;DP4=0,0,1,1;MQ=37;FQ=-33"
"SRR098283","NC_012967.1","4256838",NA,"C","T,G","3.55",NA,"DP=2;VDB=7.520000e-02;AF1=1;AC1=2;DP4=0,0,1,1;MQ=37;FQ=-30"
"SRR098283","NC_012967.1","4411208",NA,"G","A","12.3",NA,"DP=6;VDB=6.240000e-02;RPB=0.000000e+00;AF1=0.5;AC1=1;DP4=1,3,0,2;MQ=37;FQ=15.1;PV4=1,1,1,1"
"SRR098283","NC_012967.1","4441849",NA,"A","G","23.8",NA,"DP=2;VDB=7.520000e-02;AF1=1;AC1=2;DP4=0,0,0,2;MQ=37;FQ=-33"
"SRR098283","NC_012967.1","4490053",NA,"G","T","6.98",NA,"DP=4;VDB=3.200000e-02;RPB=0.000000e+00;AF1=0.5;AC1=1;DP4=0,2,2,0;MQ=34;FQ=8.67;PV4=0.33,0.46,0.21,1"
